{"project_name":["PDA J&J demo, ODACT"],"step":["estimate"],"sites":["site1","site2","site3","site4","site5","site6","site7","site8","site9","site10"],"heterogeneity":[true],"model":["ODACT"],"family":["cox"],"outcome":["Surv(time, status)"],"variables":["Trt","Age","Sex","RE","Mutation"],"times":[24,27,30,33],"bandwidth":[6],"optim_maxit":[300],"lead_site":["site1"],"init_method":["meta"],"upload_date":["2025-12-08 17:15:41.967767"],"beta_init":[[-0.0554,-0.1454,-0.2086,-0.2447],[0.108,0.1505,0.1883,0.2011],[0.3463,0.4568,0.4514,0.4268],[0.191,0.165,0.1905,0.2323],[0.6266,0.6667,0.6988,0.7252]]}
