"time","status","Trt","Age","Sex","RE","Mutation"
33.62,0,0,1.5,0,0,0
32.67,1,0,0.7,0,0,0
33.27,1,0,-0.7,1,0,1
33.62,0,0,2.4,1,1,0
33.62,0,0,-1.3,1,1,0
33.62,0,0,0,0,0,0
33.62,0,0,0.5,1,0,0
32.31,1,0,0,0,0,1
33.62,0,0,0.4,1,0,1
33.62,0,0,0.9,0,1,1
33.62,0,0,-0.6,0,0,0
33.62,0,0,0.1,1,0,0
33.62,0,0,1.2,1,0,0
31.42,1,0,1.4,0,0,0
33.62,0,0,1.7,1,0,0
33.62,0,0,0.3,1,0,0
33.62,0,0,2.2,1,0,0
33.62,0,0,-0.9,1,0,1
33.62,0,0,0.7,1,0,0
33.62,0,0,-0.3,0,0,1
25.51,1,0,0.5,1,1,1
30.5,1,0,0.3,1,0,0
33.62,0,0,1.1,1,0,0
33.62,0,0,1.5,0,0,0
33.62,0,0,0.3,1,0,0
33.62,0,0,-0.8,0,0,1
30.57,1,0,-0.4,1,0,1
33.62,0,0,-1.7,0,0,0
33.62,0,0,-0.4,0,1,0
33.62,0,0,1.6,1,0,0
33.62,0,0,2.3,0,0,0
26.1,1,0,1.1,1,0,1
31.98,1,0,-0.4,1,0,0
33.62,0,0,0.1,1,0,1
33.62,0,0,-0.6,0,0,1
30.46,1,0,0.3,1,1,1
33.62,0,0,0.8,0,1,0
33.62,0,0,2.1,0,1,0
33.62,0,0,-0.2,1,1,0
33.62,0,0,1,1,0,0
33.62,0,0,-0.2,0,0,0
33.62,0,0,0.5,1,0,1
33.07,1,0,1,1,0,0
33.62,0,0,-1.7,1,0,1
29.66,1,0,1.2,1,0,1
33.62,0,0,1.4,1,0,0
33.62,0,0,-0.2,0,0,1
33.37,1,0,1.5,1,0,0
33.62,0,0,-0.1,0,0,0
33.62,0,0,1,1,0,0
33.62,0,0,0.8,0,0,0
33.62,0,0,-0.8,0,0,0
33.62,0,0,1.4,1,0,0
33.62,0,0,0,0,0,0
33.62,0,0,0.9,1,1,0
33.61,1,0,0.7,0,1,0
33.62,0,0,0,0,0,0
25.84,1,0,0.5,1,0,1
25.23,1,0,-1,1,0,0
29.51,1,0,1.4,1,0,0
33.62,0,0,-0.1,1,0,0
31.9,1,0,3,1,1,0
32.06,1,0,-0.2,1,0,0
33.62,0,0,-0.1,0,1,1
33.62,0,0,0.7,1,0,0
33.57,1,0,0.5,1,0,0
32.94,1,0,-1.1,1,0,0
32,1,0,0.7,0,0,0
33.06,1,0,0.1,0,1,1
33.62,0,0,0.4,0,0,0
27.98,1,0,-1.2,0,0,0
28.49,1,0,0.4,0,1,0
27.93,1,0,1.1,1,0,0
33.62,0,0,-1.2,0,0,1
33.62,0,0,0.9,1,0,0
32.08,1,0,0.9,1,0,0
33.62,0,0,-0.4,1,0,0
31.68,1,0,0.2,0,0,0
33.62,0,0,-0.4,0,0,0
33.62,0,0,1.3,0,0,0
33.62,0,0,-0.1,1,1,0
33.62,0,0,-1.2,1,0,1
33.62,0,0,1.5,0,0,0
33.62,0,0,0.9,0,0,0
30.52,1,0,2.4,0,0,0
30.71,1,0,1.3,1,0,0
30.46,1,0,1.4,0,0,1
33.62,0,0,-0.9,0,0,0
30.49,1,0,-1.3,1,0,0
33.51,1,0,0,1,0,0
33.62,0,0,-0.6,0,0,0
30.96,1,0,0.9,1,0,0
33.36,1,0,-0.8,0,0,0
33.62,0,0,-1.6,1,0,0
33.62,0,0,1.4,0,0,0
33.62,0,0,-1.1,1,0,0
33.62,0,0,0.9,1,0,0
33.62,0,0,0.1,1,1,0
33.62,0,0,0.5,0,0,0
33.62,0,0,0.6,1,1,0
33.62,0,0,-0.2,0,0,0
33.62,0,0,-0.6,1,0,0
33.62,0,0,1.9,1,1,0
33.62,0,0,1.2,1,0,0
28.24,1,0,0.8,0,0,1
33.62,0,0,0.5,1,0,0
29.38,1,0,1.1,1,0,0
31.78,1,0,0,1,0,1
30.74,1,0,1.1,0,0,0
33.62,0,0,-0.1,1,1,1
33.62,0,0,-0.2,0,1,1
33.62,0,0,0.6,0,0,0
33.62,0,0,1.2,0,0,0
33.62,0,0,-0.1,1,0,0
33.62,0,0,-0.2,0,0,0
30.86,1,0,1.8,1,0,1
32.36,1,0,0.1,1,0,0
33.62,0,0,0.7,1,0,0
33.62,0,0,-0.4,1,0,0
33.62,0,0,0.6,1,0,0
28.02,1,0,0.7,1,0,1
32.66,1,0,1.6,0,0,1
33.62,0,0,-0.9,0,0,0
33.62,0,0,0.5,0,0,0
33.15,1,0,0,0,0,0
33.62,0,0,0.1,0,0,0
33.62,0,0,0.1,0,0,0
33.62,0,0,-1.6,1,0,0
23.38,1,0,2.9,1,0,0
33.62,0,0,0.4,0,1,1
32.09,1,0,0.2,1,0,0
33.62,0,0,1,1,1,1
33.62,0,0,-0.8,1,0,0
32.11,1,0,0.5,0,1,0
33.52,1,0,0.6,0,0,1
33.57,1,0,1.9,0,0,0
33.62,0,0,1.5,0,0,0
32.32,1,0,0.5,1,0,0
22.79,1,0,-0.6,0,0,0
33.43,1,0,1.4,1,0,0
33.62,0,0,-1.4,0,1,1
33.62,0,0,1.2,0,0,1
33.62,0,0,0.1,0,0,0
33.62,0,0,2.2,0,0,0
31.73,1,0,1.9,1,0,0
33.62,0,0,0.6,0,0,1
24.56,1,0,-0.7,1,0,0
25.85,1,0,1.8,1,0,1
33.62,0,0,1.2,0,0,0
33.62,0,0,0.1,0,1,0
33.62,0,1,-0.4,0,0,0
33.62,0,1,0.1,0,1,0
31.07,1,1,1.3,1,0,0
33.62,0,1,-0.3,1,1,0
33.62,0,1,1.5,0,0,0
33.62,0,1,-0.8,0,0,0
33.62,0,1,1,0,0,0
33.62,0,1,2.2,0,0,0
33.62,0,1,0.7,1,0,0
30.53,1,1,0.9,1,0,0
26.81,1,1,1,1,0,1
33.62,0,1,0.5,1,0,0
33.62,0,1,-0.4,1,0,0
33.62,0,1,0.6,1,1,0
33.62,0,1,1.5,1,1,0
33.62,0,1,0.6,1,0,0
33.62,0,1,1.9,1,0,1
33.62,0,1,0.3,0,0,1
33.62,0,1,1.1,0,0,1
26.73,1,1,2.9,1,0,0
33.62,0,1,0.7,1,0,0
32.61,1,1,0.5,0,1,1
33.62,0,1,-0.1,0,0,0
33.62,0,1,-0.7,0,0,0
33.62,0,1,-0.6,0,0,1
33.62,0,1,-0.3,1,0,0
33.62,0,1,0.8,1,0,1
30.56,1,1,0.4,1,0,0
28.39,1,1,1,1,0,0
28.8,1,1,-0.3,1,0,1
33.62,0,1,0.4,1,0,1
33.62,0,1,1.9,0,0,0
33.62,0,1,1.1,0,0,0
33.62,0,1,-0.3,0,0,0
32.04,1,1,0.7,1,1,0
31.23,1,1,0,1,0,0
33.62,0,1,-0.4,1,0,0
33.62,0,1,-0.6,1,0,0
32.1,1,1,0.1,0,0,1
33.62,0,1,0.3,1,1,0
31.08,1,1,0.8,1,0,1
25.68,1,1,1,1,0,0
33.62,0,1,1.1,0,0,0
33.46,1,1,2.7,1,0,0
33.62,0,1,1.1,0,0,1
33.62,0,1,0.2,0,1,1
26.66,1,1,0.7,1,0,0
31.49,1,1,-0.4,1,0,1
33.62,0,1,0.3,0,0,1
33.62,0,1,0.3,0,1,0
33.62,0,1,-0.4,0,0,0
33.62,0,1,-0.2,0,0,0
31.99,1,1,2,0,0,0
33.62,0,1,2.5,0,1,1
33.62,0,1,0.2,0,0,0
33.62,0,1,0.4,1,0,1
33.62,0,1,-2.8,1,0,0
27.63,1,1,0.5,1,1,0
33.62,0,1,-0.4,1,0,0
33.62,0,1,-1.2,0,0,1
33.62,0,1,1.5,0,1,0
33.62,0,1,1.6,0,1,0
33.62,0,1,2.5,0,1,1
33.62,0,1,-1.2,0,0,0
33.62,0,1,1,0,0,0
33.62,0,1,1.4,1,1,0
33.4,1,1,0.6,0,0,1
29.57,1,1,1.5,0,0,0
33.62,0,1,-0.3,0,1,0
33.62,0,1,1,1,0,0
33.62,0,1,-0.9,1,0,1
33.62,0,1,-1.6,1,0,0
33.52,1,1,0.2,0,0,0
33.62,0,1,0.1,0,0,0
33.62,0,1,-1.1,1,0,0
33.62,0,1,0.5,1,1,0
32.21,1,1,-0.7,1,1,1
33.62,0,1,-0.2,0,0,1
25.8,1,1,0.4,0,1,0
33.62,0,1,1,0,1,0
33.62,0,1,0.1,1,0,1
33.62,0,1,0.6,1,0,0
25.99,1,1,0.2,0,0,0
31.86,1,1,-0.1,1,0,0
33.62,0,1,-1.1,0,1,0
33.62,0,1,-0.6,0,1,0
33.62,0,1,1,0,0,1
30.88,1,1,0.2,0,0,0
33.62,0,1,0.2,1,0,1
33.62,0,1,0.2,0,0,1
33.62,0,1,0.6,1,1,0
33.62,0,1,1.4,0,0,0
33.62,0,1,0.5,0,0,0
33.62,0,1,-0.4,0,0,0
33.62,0,1,0.5,0,0,0
33.62,0,1,0.6,0,0,1
33.62,0,1,1.1,0,0,1
33.62,0,1,2,1,0,0
33.62,0,1,-0.2,1,0,0
33.62,0,1,-0.5,1,0,0
33.62,0,1,1.1,1,1,1
33.62,0,1,-2.2,0,0,0
33.62,0,1,0.1,1,0,0
33.62,0,1,-1.4,0,0,0
33.62,0,1,1,1,0,1
30.91,1,1,1.6,1,0,0
33.62,0,1,0.8,1,0,0
29.63,1,1,-0.6,1,0,0
33.62,0,1,0.8,0,0,1
33.62,0,1,0.8,1,1,0
33.62,0,1,-0.2,0,1,1
32.74,1,1,1.1,1,1,1
33.62,0,1,1.6,1,1,1
33.62,0,1,-0.8,0,0,1
29.19,1,1,0.8,1,0,1
33.62,0,1,1.4,0,1,0
29.34,1,1,0.7,1,1,0
33.62,0,1,1.3,1,0,0
33.61,1,1,1.7,1,0,1
23.19,1,1,0.2,1,1,0
33.62,0,1,0.4,0,0,1
33.62,0,1,1.9,0,0,0
33.62,0,1,0.5,0,0,1
31.15,1,1,-1.3,1,1,0
33.62,0,1,0.3,1,1,0
27.67,1,1,-0.6,1,0,1
32.38,1,1,0.2,1,0,0
33.62,0,1,-0.9,1,1,0
33.62,0,1,0.7,1,0,0
32.07,1,1,1.5,0,1,1
33.62,0,1,1.3,1,0,0
33.62,0,1,-0.6,0,0,0
33.62,0,1,1.4,0,0,0
33.62,0,1,-0.2,0,1,0
32.66,1,1,0.6,0,0,1
31.89,1,1,-2,0,0,0
30.9,1,1,1.3,1,1,0
32.49,1,1,0.5,1,0,0
33.62,0,1,0.4,1,0,1
26.96,1,1,1.7,1,0,0
33.62,0,1,0.6,0,0,0
33.62,0,1,0.4,0,0,0
33.62,0,1,0.4,0,1,1
33.62,0,1,1.3,1,0,0
33.62,0,1,-1.8,0,1,1
33.62,0,1,-1,1,0,0
33.62,0,1,0.3,1,0,0
33.62,0,1,-0.4,0,0,0
31.54,1,1,-0.9,1,1,1
33.62,0,1,-0.2,1,0,0
